topics,coherence_score
2,-5.923911531849572
3,-6.415025224463654
4,-7.843012108282332
5,-8.265891357203284
6,-7.753680075547357
7,-7.295302739138853
8,-8.49396409752368
9,-9.170447152814841
10,-8.886901039516049
