topics,coherence_score
2,0.3188949572340618
3,0.28079275214389093
4,0.27776022007973844
5,0.3429731665114829
6,0.3842934262059416
7,0.4117607438647847
8,0.3492402460705338
9,0.3858805562994944
10,0.3805818079015115
