topics,coherence_score
2,-5.373939294600994
3,-6.6631507600790805
4,-8.186600821316446
5,-7.395357456914877
6,-7.686222888861278
7,-8.778886253220454
8,-8.432205209702067
9,-8.251646566272278
10,-8.680619509159843
